/control/external_cmd_converter,subscription_callback,/control/current_gate_mode,10
/control/external_cmd_converter,subscription_callback,/localization/kinematic_state,50
/control/external_cmd_converter,timer_callback,100000000,10
/control/external_cmd_converter,timer_callback,1000000000,1
/control/external_cmd_selector,timer_callback,100000000,10
/control/external_cmd_selector,timer_callback,1000000000,1
/control/operation_mode_transition_manager,subscription_callback,/control/command/control_cmd,33.33
/control/operation_mode_transition_manager,subscription_callback,/control/vehicle_cmd_gate/operation_mode,10
/control/operation_mode_transition_manager,subscription_callback,/localization/kinematic_state,50
/control/operation_mode_transition_manager,subscription_callback,/planning/scenario_planning/trajectory,10
/control/operation_mode_transition_manager,subscription_callback,/control/current_gate_mode,10
/control/operation_mode_transition_manager,subscription_callback,/control/external_cmd_selector/current_selector_mode,10
/control/operation_mode_transition_manager,subscription_callback,/vehicle/status/control_mode,28
/control/operation_mode_transition_manager,timer_callback,100000000,10
/control/shift_decider,subscription_callback,/control/trajectory_follower/control_cmd,33.33
/control/shift_decider,timer_callback,100000000,10
/control/shift_decider,subscription_callback,/vehicle/status/gear_status,28
/control/trajectory_follower/controller_node_exe,subscription_callback,/localization/kinematic_state,50
/control/trajectory_follower/controller_node_exe,subscription_callback,/localization/acceleration,50
/control/trajectory_follower/controller_node_exe,subscription_callback,/planning/scenario_planning/trajectory,10
/control/trajectory_follower/controller_node_exe,subscription_callback,/vehicle/status/steering_status,28
/control/trajectory_follower/controller_node_exe,subscription_callback,/system/operation_mode/state,---
/control/trajectory_follower/controller_node_exe,timer_callback,30000000,33.33
/control/trajectory_follower/controller_node_exe,timer_callback,1000000000,1
/control/trajectory_follower/lane_departure_checker_node,subscription_callback,/control/trajectory_follower/lateral/predicted_trajectory,33.33
/control/trajectory_follower/lane_departure_checker_node,subscription_callback,/localization/kinematic_state,50
/control/trajectory_follower/lane_departure_checker_node,subscription_callback,/planning/scenario_planning/trajectory,10
/control/trajectory_follower/lane_departure_checker_node,timer_callback,100000000,10
/control/trajectory_follower/lane_departure_checker_node,timer_callback,1000000000,1
/control/trajectory_follower/lane_departure_checker_node,subscription_callback,/planning/mission_planning/route,---
/control/vehicle_cmd_gate,subscription_callback,/system/operation_mode/state,---
/control/vehicle_cmd_gate,subscription_callback,/control/shift_decider/gear_cmd,10
/control/vehicle_cmd_gate,subscription_callback,/control/trajectory_follower/control_cmd,33.33
/control/vehicle_cmd_gate,subscription_callback,/planning/hazard_lights_cmd,10
/control/vehicle_cmd_gate,subscription_callback,/planning/turn_indicators_cmd,10
/control/vehicle_cmd_gate,subscription_callback,/system/emergency/control_cmd,10
/control/vehicle_cmd_gate,subscription_callback,/system/fail_safe/mrm_state,10
/control/vehicle_cmd_gate,subscription_callback,/system/emergency/gear_cmd,10
/control/vehicle_cmd_gate,subscription_callback,/system/emergency/hazard_lights_cmd,10
/control/vehicle_cmd_gate,subscription_callback,/vehicle/status/steering_status,28
/control/vehicle_cmd_gate,subscription_callback,/localization/kinematic_state,50
/control/vehicle_cmd_gate,subscription_callback,/localization/acceleration,50
/control/vehicle_cmd_gate,timer_callback,100000000,10
/control/vehicle_cmd_gate,timer_callback,1000000000,1
/localization/localization_error_monitor,subscription_callback,/localization/kinematic_state,50
/localization/localization_error_monitor,timer_callback,100000000,10
/localization/localization_error_monitor,timer_callback,1000000000,1
/localization/pose_estimator/ndt_scan_matcher,subscription_callback,/localization/pose_twist_fusion_filter/biased_pose_with_covariance,50
/localization/pose_estimator/ndt_scan_matcher,subscription_callback,/localization/util/downsample/pointcloud,10
/localization/pose_estimator/ndt_scan_matcher,subscription_callback,/sensing/gnss/pose_with_covariance,5
/localization/pose_estimator/ndt_scan_matcher,timer_callback,1000000000,1
/localization/pose_estimator/ndt_scan_matcher,subscription_callback,/localization/kinematic_state,50
/localization/pose_twist_fusion_filter/ekf_localizer,subscription_callback,/localization/pose_estimator/pose_with_covariance,10
/localization/pose_twist_fusion_filter/ekf_localizer,subscription_callback,/localization/twist_estimator/twist_with_covariance,28
/localization/pose_twist_fusion_filter/ekf_localizer,timer_callback,20000000,50
/localization/pose_twist_fusion_filter/stop_filter,subscription_callback,/localization/pose_twist_fusion_filter/kinematic_state,50
/localization/pose_twist_fusion_filter/twist2accel,subscription_callback,/localization/kinematic_state,50
/localization/pose_twist_fusion_filter/twist2accel,subscription_callback,/localization/twist_estimator/twist_with_covariance,28
/localization/twist_estimator/gyro_odometer,subscription_callback,/sensing/imu/imu_data,28
/localization/twist_estimator/gyro_odometer,subscription_callback,/sensing/vehicle_velocity_converter/twist_with_covariance,28
/localization/util/crop_box_filter_measurement_range,subscription_callback,/sensing/lidar/top/outlier_filtered/pointcloud,10
/localization/util/default_ad_api/helpers/automatic_pose_initializer,timer_callback,1000000000,1
/localization/util/pose_initializer_node,subscription_callback,/sensing/gnss/pose_with_covariance,5
/localization/util/pose_initializer_node,subscription_callback,/sensing/vehicle_velocity_converter/twist_with_covariance,28
/localization/util/random_downsample_filter,subscription_callback,/localization/util/voxel_grid_downsample/pointcloud,10
/localization/util/voxel_grid_downsample_filter,subscription_callback,/localization/util/measurement_range/pointcloud,10
/pacmod/pacmod,subscription_callback,/pacmod/accel_cmd,30
/pacmod/pacmod,subscription_callback,/pacmod/brake_cmd,30
/pacmod/pacmod,subscription_callback,/pacmod/from_can_bus,1110
/pacmod/pacmod,subscription_callback,/pacmod/shift_cmd,30
/pacmod/pacmod,subscription_callback,/pacmod/steering_cmd,30
/pacmod/pacmod,subscription_callback,/pacmod/turn_cmd,30
/pacmod/pacmod,timer_callback,33000000,30.303
/pacmod/socket_can_sender,subscription_callback,/pacmod/to_can_bus,270
/pacmod_diag_publisher,subscription_callback,/pacmod/accel_rpt,30
/pacmod_diag_publisher,subscription_callback,/pacmod/brake_rpt,30
/pacmod_diag_publisher,subscription_callback,/pacmod/global_rpt,30
/pacmod_diag_publisher,subscription_callback,/pacmod/shift_rpt,28
/pacmod_diag_publisher,subscription_callback,/pacmod/steering_rpt,30
/pacmod_diag_publisher,subscription_callback,/pacmod/turn_rpt,30
/pacmod_diag_publisher,subscription_callback,/pacmod/wheel_speed_rpt,30
/pacmod_diag_publisher,subscription_callback,/pacmod/from_can_bus,1110
/pacmod_diag_publisher,subscription_callback,/localization/acceleration,50
/pacmod_diag_publisher,subscription_callback,/control/command/control_cmd,33.3
/pacmod_diag_publisher,subscription_callback,/localization/kinematic_state,50
/pacmod_diag_publisher,timer_callback,100000000,10
/pacmod_dynamic_parameter_changer,subscription_callback,/pacmod/steering_rpt,30
/pacmod_interface,subscription_callback,/control/command/actuation_cmd,33.333
/pacmod_interface,subscription_callback,/control/command/control_cmd,33.333
/pacmod_interface,subscription_callback,/control/command/emergency_cmd,33.333
/pacmod_interface,subscription_callback,/control/command/gear_cmd,10
/pacmod_interface,subscription_callback,/control/command/hazard_lights_cmd,10
/pacmod_interface,subscription_callback,/control/command/turn_indicators_cmd,10
/pacmod_interface,subscription_callback,/pacmod/accel_rpt,30
/pacmod_interface,subscription_callback,/pacmod/brake_rpt,30
/pacmod_interface,subscription_callback,/pacmod/global_rpt,30
/pacmod_interface,subscription_callback,/pacmod/rear_pass_door_rpt,30
/pacmod_interface,subscription_callback,/pacmod/shift_rpt,28
/pacmod_interface,subscription_callback,/pacmod/steering_rpt,30
/pacmod_interface,subscription_callback,/pacmod/turn_rpt,30
/pacmod_interface,subscription_callback,/pacmod/wheel_speed_rpt,30
/pacmod_interface,timer_callback,33333333,30
/perception/object_recognition/detection/centerpoint/lidar_centerpoint,subscription_callback,/sensing/lidar/concatenated/pointcloud,10
/perception/object_recognition/detection/clustering/camera_lidar_fusion/detected_object_feature_remover,subscription_callback,/perception/object_recognition/detection/clustering/camera_lidar_fusion/objects_with_feature,10
/perception/object_recognition/detection/clustering/camera_lidar_fusion/roi_cluster_fusion,timer_callback,70000000,---
/perception/object_recognition/detection/clustering/camera_lidar_fusion/roi_cluster_fusion.*,subscription_callback,/sensing/camera/camera0/camera_info,10
/perception/object_recognition/detection/clustering/camera_lidar_fusion/roi_cluster_fusion.*,subscription_callback,/sensing/camera/camera1/camera_info,10
/perception/object_recognition/detection/clustering/camera_lidar_fusion/roi_cluster_fusion.*,subscription_callback,/sensing/camera/camera2/camera_info,10
/perception/object_recognition/detection/clustering/camera_lidar_fusion/roi_cluster_fusion.*,subscription_callback,/sensing/camera/camera3/camera_info,10
/perception/object_recognition/detection/clustering/camera_lidar_fusion/roi_cluster_fusion.*,subscription_callback,/sensing/camera/camera4/camera_info,10
/perception/object_recognition/detection/clustering/camera_lidar_fusion/roi_cluster_fusion.*,subscription_callback,/sensing/camera/camera5/camera_info,10
/perception/object_recognition/detection/clustering/camera_lidar_fusion/roi_cluster_fusion.*,subscription_callback,/perception/object_recognition/detection/rois0,10
/perception/object_recognition/detection/clustering/camera_lidar_fusion/roi_cluster_fusion.*,subscription_callback,/perception/object_recognition/detection/rois1,10
/perception/object_recognition/detection/clustering/camera_lidar_fusion/roi_cluster_fusion.*,subscription_callback,/perception/object_recognition/detection/rois2,10
/perception/object_recognition/detection/clustering/camera_lidar_fusion/roi_cluster_fusion.*,subscription_callback,/perception/object_recognition/detection/rois3,10
/perception/object_recognition/detection/clustering/camera_lidar_fusion/roi_cluster_fusion.*,subscription_callback,/perception/object_recognition/detection/rois4,10
/perception/object_recognition/detection/clustering/camera_lidar_fusion/roi_cluster_fusion.*,subscription_callback,/perception/object_recognition/detection/rois5,10
/perception/object_recognition/detection/clustering/camera_lidar_fusion/roi_cluster_fusion.*,subscription_callback,/perception/object_recognition/detection/clustering/clusters,10
/perception/object_recognition/detection/clustering/camera_lidar_fusion/shape_estimation,subscription_callback,/perception/object_recognition/detection/clustering/camera_lidar_fusion/clusters,10
/perception/object_recognition/detection/clustering/cluster_merger,subscription_callback,/perception/object_recognition/detection/clustering/euclidean_cluster/clusters,10.0
/perception/object_recognition/detection/clustering/cluster_merger,subscription_callback,/perception/object_recognition/detection/clustering/roi_cluster/clusters,10.0
/perception/object_recognition/detection/clustering/concat_downsampled_pcl,timer_callback,1000000000,1
/perception/object_recognition/detection/clustering/concat_downsampled_pcl,subscription_callback,/perception/object_recognition/detection/clustering/long_range/pointcloud,10
/perception/object_recognition/detection/clustering/concat_downsampled_pcl,subscription_callback,/perception/object_recognition/detection/clustering/outlier_filter/pointcloud,10
/perception/object_recognition/detection/clustering/concat_downsampled_pcl,subscription_callback,/vehicle/status/velocity_status,28
/perception/object_recognition/detection/clustering/euclidean_cluster,subscription_callback,/perception/object_recognition/detection/clustering/downsampled/concatenated/pointcloud,10
/perception/object_recognition/detection/clustering/long_distance_crop_box_range,subscription_callback,/perception/object_recognition/detection/pointcloud_map_filtered/pointcloud,10
/perception/object_recognition/detection/clustering/outlier_filter,subscription_callback,/perception/object_recognition/detection/clustering/downsampled/short_range/pointcloud,10
/perception/object_recognition/detection/clustering/roi_pointcloud_fusion,timer_callback,70000000,---
/perception/object_recognition/detection/clustering/roi_pointcloud_fusion,subscription_callback,/sensing/camera/camera0/camera_info,10.0
/perception/object_recognition/detection/clustering/roi_pointcloud_fusion,subscription_callback,/sensing/camera/camera1/camera_info,10.0
/perception/object_recognition/detection/clustering/roi_pointcloud_fusion,subscription_callback,/sensing/camera/camera2/camera_info,10.0
/perception/object_recognition/detection/clustering/roi_pointcloud_fusion,subscription_callback,/sensing/camera/camera3/camera_info,10.0
/perception/object_recognition/detection/clustering/roi_pointcloud_fusion,subscription_callback,/sensing/camera/camera4/camera_info,10.0
/perception/object_recognition/detection/clustering/roi_pointcloud_fusion,subscription_callback,/sensing/camera/camera5/camera_info,10
/perception/object_recognition/detection/clustering/roi_pointcloud_fusion,subscription_callback,/perception/object_recognition/detection/rois0,10.0
/perception/object_recognition/detection/clustering/roi_pointcloud_fusion,subscription_callback,/perception/object_recognition/detection/rois1,10.0
/perception/object_recognition/detection/clustering/roi_pointcloud_fusion,subscription_callback,/perception/object_recognition/detection/rois2,10.0
/perception/object_recognition/detection/clustering/roi_pointcloud_fusion,subscription_callback,/perception/object_recognition/detection/rois3,10.0
/perception/object_recognition/detection/clustering/roi_pointcloud_fusion,subscription_callback,/perception/object_recognition/detection/rois4,10.0
/perception/object_recognition/detection/clustering/roi_pointcloud_fusion,subscription_callback,/perception/object_recognition/detection/rois5,10
/perception/object_recognition/detection/clustering/roi_pointcloud_fusion,subscription_callback,/perception/object_recognition/detection/pointcloud_map_filtered/pointcloud,10.0
/perception/object_recognition/detection/clustering/shape_estimation,subscription_callback,/perception/object_recognition/detection/clustering/clusters,10
/perception/object_recognition/detection/clustering/short_distance_crop_box_range,subscription_callback,/perception/object_recognition/detection/pointcloud_map_filtered/pointcloud,10
/perception/object_recognition/detection/clustering/voxel_grid_filter_autoware_.*,subscription_callback,/perception/object_recognition/detection/clustering/short_range/pointcloud,10
/perception/object_recognition/detection/detection_by_tracker/detection_by_tracker_node,subscription_callback,/perception/object_recognition/detection/clustering/objects_with_feature,10
/perception/object_recognition/detection/detection_by_tracker/detection_by_tracker_node,subscription_callback,/perception/object_recognition/tracking/objects,10
/perception/object_recognition/detection/object_association_merger_.*,subscription_callback,/perception/object_recognition/detection/camera_lidar_fusion/objects,10
/perception/object_recognition/detection/object_association_merger_.*,subscription_callback,/perception/object_recognition/detection/detection_by_tracker/objects,10
/perception/object_recognition/detection/object_association_merger_.*,subscription_callback,/perception/object_recognition/detection/centerpoint/validation/objects,10
/perception/object_recognition/detection/object_association_merger_.*,subscription_callback,/perception/object_recognition/detection/clustering/camera_lidar_fusion/objects,10
/perception/object_recognition/detection/object_association_merger_autoware_AVA_3510_164615_8926913065379065228,subscription_callback,/perception/object_recognition/detection/pointpainting_roi_cluster_fusion/objects,10
/perception/object_recognition/detection/object_association_merger_autoware_AVA_3510_164615_8982107103397272400,subscription_callback,/perception/object_recognition/detection/pointpainting/validation/objects,10.0
/perception/object_recognition/detection/object_lanelet_filter,subscription_callback,/perception/object_recognition/detection/objects_before_filter,10
/perception/object_recognition/detection/obstacle_pointcloud_based_validator_node,subscription_callback,/perception/object_recognition/detection/centerpoint/objects,10
/perception/object_recognition/detection/obstacle_pointcloud_based_validator_node,subscription_callback,/perception/object_recognition/detection/pointcloud_map_filtered/pointcloud,10
/perception/object_recognition/detection/obstacle_pointcloud_based_validator_node,subscription_callback,/perception/object_recognition/detection/pointpainting/roi_fusion/objects,10.0
/perception/object_recognition/detection/pointpainting/pointpainting,timer_callback,70000000,---
/perception/object_recognition/detection/pointpainting/pointpainting,subscription_callback,/sensing/camera/camera0/camera_info,10
/perception/object_recognition/detection/pointpainting/pointpainting,subscription_callback,/sensing/camera/camera1/camera_info,10
/perception/object_recognition/detection/pointpainting/pointpainting,subscription_callback,/sensing/camera/camera2/camera_info,10
/perception/object_recognition/detection/pointpainting/pointpainting,subscription_callback,/sensing/camera/camera3/camera_info,10
/perception/object_recognition/detection/pointpainting/pointpainting,subscription_callback,/sensing/camera/camera4/camera_info,10
/perception/object_recognition/detection/pointpainting/pointpainting,subscription_callback,/sensing/camera/camera5/camera_info,10
/perception/object_recognition/detection/pointpainting/pointpainting,subscription_callback,/perception/object_recognition/detection/rois0,10
/perception/object_recognition/detection/pointpainting/pointpainting,subscription_callback,/perception/object_recognition/detection/rois1,10
/perception/object_recognition/detection/pointpainting/pointpainting,subscription_callback,/perception/object_recognition/detection/rois2,10
/perception/object_recognition/detection/pointpainting/pointpainting,subscription_callback,/perception/object_recognition/detection/rois3,10
/perception/object_recognition/detection/pointpainting/pointpainting,subscription_callback,/perception/object_recognition/detection/rois4,10
/perception/object_recognition/detection/pointpainting/pointpainting,subscription_callback,/perception/object_recognition/detection/rois5,10
/perception/object_recognition/detection/pointpainting/pointpainting,subscription_callback,/sensing/lidar/concatenated/pointcloud,10.0
/perception/object_recognition/detection/roi_detected_object_fusion,timer_callback,70000000,---
/perception/object_recognition/detection/roi_detected_object_fusion,subscription_callback,/sensing/camera/camera0/camera_info,10.0
/perception/object_recognition/detection/roi_detected_object_fusion,subscription_callback,/sensing/camera/camera1/camera_info,10.0
/perception/object_recognition/detection/roi_detected_object_fusion,subscription_callback,/sensing/camera/camera2/camera_info,10.0
/perception/object_recognition/detection/roi_detected_object_fusion,subscription_callback,/sensing/camera/camera3/camera_info,10.0
/perception/object_recognition/detection/roi_detected_object_fusion,subscription_callback,/sensing/camera/camera4/camera_info,10.0
/perception/object_recognition/detection/roi_detected_object_fusion,subscription_callback,/sensing/camera/camera5/camera_info,10
/perception/object_recognition/detection/roi_detected_object_fusion,subscription_callback,/perception/object_recognition/detection/rois0,10.0
/perception/object_recognition/detection/roi_detected_object_fusion,subscription_callback,/perception/object_recognition/detection/rois1,10.0
/perception/object_recognition/detection/roi_detected_object_fusion,subscription_callback,/perception/object_recognition/detection/rois2,10.0
/perception/object_recognition/detection/roi_detected_object_fusion,subscription_callback,/perception/object_recognition/detection/rois3,10.0
/perception/object_recognition/detection/roi_detected_object_fusion,subscription_callback,/perception/object_recognition/detection/rois4,10.0
/perception/object_recognition/detection/roi_detected_object_fusion,subscription_callback,/perception/object_recognition/detection/rois5,10
/perception/object_recognition/detection/roi_detected_object_fusion,subscription_callback,/perception/object_recognition/detection/pointpainting/objects,10.0
/perception/object_recognition/detection/voxel_based_compare_map_filter,timer_callback,10000000,100
/perception/object_recognition/detection/voxel_based_compare_map_filter,subscription_callback,/perception/obstacle_segmentation/pointcloud,10
/perception/object_recognition/detection/voxel_based_compare_map_filter,subscription_callback,/localization/pose_estimator/pose_with_covariance,10
/perception/object_recognition/detection/voxel_based_compare_map_filter,subscription_callback,/perception/obstacle_segmentation/pointcloud_map_filtered/downsampled/pointcloud,10.0
/perception/object_recognition/detection/voxel_based_compare_map_filter,subscription_callback,/localization/kinematic_state,50.0
/perception/object_recognition/detection/voxel_grid_downsample_filter,subscription_callback,/perception/obstacle_segmentation/pointcloud,10.0
/perception/object_recognition/prediction/map_based_prediction,subscription_callback,/perception/object_recognition/tracking/objects,10
/perception/object_recognition/tracking/multi_object_tracker,subscription_callback,/perception/object_recognition/detection/objects,10
/perception/object_recognition/tracking/multi_object_tracker,timer_callback,100000000,10
/perception/obstacle_segmentation/common_ground_filter,subscription_callback,/perception/obstacle_segmentation/range_cropped/pointcloud,10
/perception/obstacle_segmentation/crop_box_filter,subscription_callback,/sensing/lidar/concatenated/pointcloud,10
/perception/obstacle_segmentation/occupancy_grid_map_outlier_filter,subscription_callback,/perception/obstacle_segmentation/single_frame/pointcloud_raw,10
/perception/obstacle_segmentation/occupancy_grid_map_outlier_filter,subscription_callback,/perception/occupancy_grid_map/map,10
/perception/occupancy_grid_map/occupancy_grid_map_node,subscription_callback,/perception/obstacle_segmentation/single_frame/pointcloud_raw,10
/perception/occupancy_grid_map/occupancy_grid_map_node,subscription_callback,/sensing/lidar/concatenated/pointcloud,10
/perception/traffic_light_recognition/camera6/classification/traffic_light_occlusion_predictor,subscription_callback,/perception/traffic_light_recognition/camera6/classification/classified/traffic_signals,10.0
/perception/traffic_light_recognition/camera6/classification/traffic_light_occlusion_predictor,subscription_callback,/perception/traffic_light_recognition/camera6/detection/rois,10.0
/perception/traffic_light_recognition/camera6/classification/traffic_light_occlusion_predictor,subscription_callback,/sensing/camera/camera6/camera_info,10.0
/perception/traffic_light_recognition/camera6/classification/traffic_light_occlusion_predictor,subscription_callback,/sensing/lidar/top/pointcloud_raw,10.0
/perception/traffic_light_recognition/crosswalk_traffic_light_estimator,subscription_callback,/perception/traffic_light_recognition/fusion/traffic_signals,10.0
/perception/traffic_light_recognition/traffic_light_arbiter/arbiter,subscription_callback,/perception/traffic_light_recognition/internal/traffic_signals,10.0
/perception/traffic_light_recognition/traffic_light_map_visualizer,subscription_callback,/perception/traffic_light_recognition/traffic_signals,10.0
/perception/traffic_light_recognition/traffic_light_multi_camera_fusion,subscription_callback,/perception/traffic_light_recognition/camera6/detection/rois,10.0
/perception/traffic_light_recognition/traffic_light_multi_camera_fusion,subscription_callback,/perception/traffic_light_recognition/camera6/classification/traffic_signals,10.0
/perception/traffic_light_recognition/traffic_light_multi_camera_fusion,subscription_callback,/perception/traffic_light_recognition/camera6/camera_info,10.0
/planning/mission_planning/goal_pose_visualizer,subscription_callback,/planning/mission_planning/route,---
/planning/mission_planning/mission_planner,subscription_callback,/localization/kinematic_state,50
/planning/planning_evaluator,subscription_callback,/planning/scenario_planning/trajectory,10
/planning/planning_evaluator,subscription_callback,/planning/scenario_planning/lane_driving/motion_planning/obstacle_avoidance_planner/trajectory,10
/planning/planning_evaluator,subscription_callback,/perception/object_recognition/objects,10
/planning/planning_evaluator,subscription_callback,/localization/kinematic_state,50
/planning/planning_validator,timer_callback,1000000000,1
/planning/planning_validator,subscription_callback,/localization/kinematic_state,50
/planning/planning_validator,subscription_callback,/planning/scenario_planning/motion_velocity_smoother/trajectory,10
/planning/scenario_planning/external_velocity_limit_selector,subscription_callback,/planning/scenario_planning/max_velocity_candidates,---
/planning/scenario_planning/external_velocity_limit_selector,subscription_callback,/planning/scenario_planning/max_velocity_default,---
/planning/scenario_planning/external_velocity_limit_selector,subscription_callback,/planning/scenario_planning/clear_velocity_limit,---
/planning/scenario_planning/lane_driving/behavior_planning/behavior_path_planner,timer_callback,100000000,10
/planning/scenario_planning/lane_driving/behavior_planning/behavior_path_planner,timer_callback,1000000000,1
/planning/scenario_planning/lane_driving/behavior_planning/behavior_path_planner,subscription_callback,/localization/kinematic_state,50
/planning/scenario_planning/lane_driving/behavior_planning/behavior_path_planner,subscription_callback,/localization/acceleration,50
/planning/scenario_planning/lane_driving/behavior_planning/behavior_path_planner,subscription_callback,/perception/object_recognition/objects,10
/planning/scenario_planning/lane_driving/behavior_planning/behavior_path_planner,subscription_callback,/perception/occupancy_grid_map/map,10
/planning/scenario_planning/lane_driving/behavior_planning/behavior_path_planner,subscription_callback,/planning/scenario_planning/lane_driving/behavior_planning/behavior_path_planner/input/lateral_offset,20
/planning/scenario_planning/lane_driving/behavior_planning/behavior_path_planner,subscription_callback,/planning/scenario_planning/scenario,10
/planning/scenario_planning/lane_driving/behavior_planning/behavior_path_planner,subscription_callback,/planning/scenario_planning/parking/costmap_generator/occupancy_grid,---
/planning/scenario_planning/lane_driving/behavior_planning/behavior_path_planner,subscription_callback,/system/operation_mode/state,---
/planning/scenario_planning/lane_driving/behavior_planning/behavior_path_planner,subscription_callback,/planning/mission_planning/route,---
/planning/scenario_planning/lane_driving/behavior_planning/behavior_velocity_planner,subscription_callback,/localization/kinematic_state,50
/planning/scenario_planning/lane_driving/behavior_planning/behavior_velocity_planner,subscription_callback,/localization/acceleration,50
/planning/scenario_planning/lane_driving/behavior_planning/behavior_velocity_planner,subscription_callback,/perception/object_recognition/objects,10
/planning/scenario_planning/lane_driving/behavior_planning/behavior_velocity_planner,subscription_callback,/perception/obstacle_segmentation/pointcloud,10
/planning/scenario_planning/lane_driving/behavior_planning/behavior_velocity_planner,subscription_callback,/perception/occupancy_grid_map/map,10
/planning/scenario_planning/lane_driving/behavior_planning/behavior_velocity_planner,subscription_callback,/perception/traffic_light_recognition/traffic_signals,10
/planning/scenario_planning/lane_driving/behavior_planning/behavior_velocity_planner,subscription_callback,/planning/scenario_planning/lane_driving/behavior_planning/path_with_lane_id,10
/planning/scenario_planning/lane_driving/behavior_planning/behavior_velocity_planner,subscription_callback,/planning/scenario_planning/max_velocity_default,---
/planning/scenario_planning/lane_driving/behavior_planning/rtc_auto_mode_manager,timer_callback,100000000,10
/planning/scenario_planning/lane_driving/motion_planning/elastic_band_smoother,subscription_callback,/planning/scenario_planning/lane_driving/behavior_planning/path,10.0
/planning/scenario_planning/lane_driving/motion_planning/elastic_band_smoother,subscription_callback,/localization/kinematic_state,50
/planning/scenario_planning/lane_driving/motion_planning/obstacle_avoidance_planner,subscription_callback,/localization/kinematic_state,50
/planning/scenario_planning/lane_driving/motion_planning/obstacle_avoidance_planner,subscription_callback,/planning/scenario_planning/lane_driving/behavior_planning/path,10
/planning/scenario_planning/lane_driving/motion_planning/obstacle_avoidance_planner,subscription_callback,/planning/scenario_planning/lane_driving/motion_planning/path_smoother/path,10.0
/planning/scenario_planning/lane_driving/motion_planning/obstacle_cruise_planner,subscription_callback,/localization/kinematic_state,50
/planning/scenario_planning/lane_driving/motion_planning/obstacle_cruise_planner,subscription_callback,/localization/acceleration,50
/planning/scenario_planning/lane_driving/motion_planning/obstacle_cruise_planner,subscription_callback,/perception/object_recognition/objects,10
/planning/scenario_planning/lane_driving/motion_planning/obstacle_cruise_planner,subscription_callback,/planning/scenario_planning/lane_driving/motion_planning/obstacle_velocity_limiter/trajectory,10
/planning/scenario_planning/lane_driving/motion_planning/obstacle_cruise_planner,subscription_callback,/planning/scenario_planning/trajectory,10
/planning/scenario_planning/lane_driving/motion_planning/obstacle_velocity_limiter,subscription_callback,/planning/scenario_planning/lane_driving/motion_planning/obstacle_avoidance_planner/trajectory,10.0
/planning/scenario_planning/lane_driving/motion_planning/obstacle_velocity_limiter,subscription_callback,/perception/occupancy_grid_map/map,10.0
/planning/scenario_planning/lane_driving/motion_planning/obstacle_velocity_limiter,subscription_callback,/perception/obstacle_segmentation/pointcloud,10.0
/planning/scenario_planning/lane_driving/motion_planning/obstacle_velocity_limiter,subscription_callback,/perception/object_recognition/objects,10.0
/planning/scenario_planning/lane_driving/motion_planning/obstacle_velocity_limiter,subscription_callback,/localization/kinematic_state,50.0
/planning/scenario_planning/motion_velocity_smoother,subscription_callback,/localization/kinematic_state,50
/planning/scenario_planning/motion_velocity_smoother,subscription_callback,/planning/scenario_planning/max_velocity,---
/planning/scenario_planning/motion_velocity_smoother,subscription_callback,/planning/scenario_planning/scenario_selector/trajectory,10
/planning/scenario_planning/motion_velocity_smoother,subscription_callback,/localization/acceleration,50
/planning/scenario_planning/motion_velocity_smoother,subscription_callback,/system/operation_mode/state,---
/planning/scenario_planning/parking/costmap_generator,subscription_callback,/perception/object_recognition/objects,10
/planning/scenario_planning/parking/costmap_generator,subscription_callback,/perception/obstacle_segmentation/pointcloud,10
/planning/scenario_planning/parking/costmap_generator,subscription_callback,/planning/scenario_planning/scenario,10
/planning/scenario_planning/parking/costmap_generator,timer_callback,100000000,10
/planning/scenario_planning/parking/freespace_planner,subscription_callback,/localization/kinematic_state,50
/planning/scenario_planning/parking/freespace_planner,subscription_callback,/planning/scenario_planning/scenario,10
/planning/scenario_planning/parking/freespace_planner,timer_callback,100000000,10
/planning/scenario_planning/parking/freespace_planner,subscription_callback,/planning/mission_planning/route,---
/planning/scenario_planning/parking/freespace_planner,subscription_callback,/planning/scenario_planning/parking/costmap_generator/occupancy_grid,---
/planning/scenario_planning/scenario_selector,subscription_callback,/localization/kinematic_state,50
/planning/scenario_planning/scenario_selector,subscription_callback,/planning/scenario_planning/lane_driving/trajectory,10
/planning/scenario_planning/scenario_selector,timer_callback,100000000,10
/planning/scenario_planning/scenario_selector,subscription_callback,/planning/mission_planning/route,---
/planning/scenario_planning/scenario_selector,subscription_callback,/planning/scenario_planning/parking/is_completed,---
/raw_vehicle_cmd_converter,subscription_callback,/control/command/control_cmd,33.333
/raw_vehicle_cmd_converter,subscription_callback,/localization/kinematic_state,50
/raw_vehicle_cmd_converter,subscription_callback,/vehicle/status/steering_status,28
/sensing/gnss/gnss_poser,subscription_callback,/sensing/gnss/ublox/nav_sat_fix,5
/sensing/gnss/ublox,timer_callback,1000000000,1
/sensing/imu/imu_corrector,subscription_callback,/sensing/imu/tamagawa/imu_raw,28
/sensing/lidar/concatenate_data,subscription_callback,/sensing/lidar/left/outlier_filtered/pointcloud,10
/sensing/lidar/concatenate_data,subscription_callback,/sensing/lidar/right/outlier_filtered/pointcloud,10
/sensing/lidar/concatenate_data,subscription_callback,/sensing/lidar/top/outlier_filtered/pointcloud,10
/sensing/lidar/concatenate_data,subscription_callback,/sensing/lidar/rear/outlier_filtered/pointcloud,10
/sensing/lidar/concatenate_data,subscription_callback,/vehicle/status/velocity_status,28
/sensing/lidar/concatenate_data,timer_callback,1000000000,1
/sensing/lidar/concatenate_data,timer_callback,95000000,---
/sensing/lidar/concatenate_data,subscription_callback,/sensing/vehicle_velocity_converter/twist_with_covariance,28
/sensing/lidar/left/crop_box_filter_mirror,subscription_callback,/sensing/lidar/left/self_cropped/pointcloud_ex,10
/sensing/lidar/left/crop_box_filter_self,subscription_callback,/sensing/lidar/left/pointcloud_raw_ex,10
/sensing/lidar/left/distortion_corrector_node,subscription_callback,/sensing/imu/imu_data,28
/sensing/lidar/left/distortion_corrector_node,subscription_callback,/sensing/lidar/left/mirror_cropped/pointcloud_ex,10
/sensing/lidar/left/distortion_corrector_node,subscription_callback,/sensing/vehicle_velocity_converter/twist_with_covariance,28
/sensing/lidar/left/ring_outlier_filter,subscription_callback,/sensing/lidar/left/rectified/pointcloud_ex,10
/sensing/lidar/left/velodyne_convert_node,subscription_callback,/sensing/lidar/left/velodyne_packets,10
/sensing/lidar/left/velodyne_driver,timer_callback,200000000,5
/sensing/lidar/left/velodyne_monitor,timer_callback,1000000000,1
/sensing/lidar/rear/crop_box_filter_mirror,subscription_callback,/sensing/lidar/rear/self_cropped/pointcloud_ex,10
/sensing/lidar/rear/crop_box_filter_self,subscription_callback,/sensing/lidar/rear/pointcloud_raw_ex,10
/sensing/lidar/rear/distortion_corrector_node,subscription_callback,/sensing/imu/imu_data,28
/sensing/lidar/rear/distortion_corrector_node,subscription_callback,/sensing/lidar/rear/mirror_cropped/pointcloud_ex,10
/sensing/lidar/rear/distortion_corrector_node,subscription_callback,/sensing/vehicle_velocity_converter/twist_with_covariance,28
/sensing/lidar/rear/ring_outlier_filter,subscription_callback,/sensing/lidar/rear/rectified/pointcloud_ex,10
/sensing/lidar/rear/velodyne_convert_node,subscription_callback,/sensing/lidar/rear/velodyne_packets,10
/sensing/lidar/rear/velodyne_driver,timer_callback,200000000,5
/sensing/lidar/rear/velodyne_monitor,timer_callback,1000000000,1
/sensing/lidar/right/crop_box_filter_mirror,subscription_callback,/sensing/lidar/right/self_cropped/pointcloud_ex,10
/sensing/lidar/right/crop_box_filter_self,subscription_callback,/sensing/lidar/right/pointcloud_raw_ex,10
/sensing/lidar/right/distortion_corrector_node,subscription_callback,/sensing/imu/imu_data,28
/sensing/lidar/right/distortion_corrector_node,subscription_callback,/sensing/lidar/right/mirror_cropped/pointcloud_ex,10
/sensing/lidar/right/distortion_corrector_node,subscription_callback,/sensing/vehicle_velocity_converter/twist_with_covariance,28
/sensing/lidar/right/ring_outlier_filter,subscription_callback,/sensing/lidar/right/rectified/pointcloud_ex,10
/sensing/lidar/right/velodyne_convert_node,subscription_callback,/sensing/lidar/right/velodyne_packets,10
/sensing/lidar/right/velodyne_driver,timer_callback,200000000,5
/sensing/lidar/right/velodyne_monitor,timer_callback,1000000000,1
/sensing/lidar/top/crop_box_filter_mirror,subscription_callback,/sensing/lidar/top/self_cropped/pointcloud_ex,10
/sensing/lidar/top/crop_box_filter_self,subscription_callback,/sensing/lidar/top/pointcloud_raw_ex,10
/sensing/lidar/top/distortion_corrector_node,subscription_callback,/sensing/imu/imu_data,28
/sensing/lidar/top/distortion_corrector_node,subscription_callback,/sensing/lidar/top/mirror_cropped/pointcloud_ex,10
/sensing/lidar/top/distortion_corrector_node,subscription_callback,/sensing/vehicle_velocity_converter/twist_with_covariance,28
/sensing/lidar/top/ring_outlier_filter,subscription_callback,/sensing/lidar/top/rectified/pointcloud_ex,10
/sensing/lidar/top/velodyne_convert_node,subscription_callback,/sensing/lidar/top/velodyne_packets,10
/sensing/lidar/top/velodyne_driver,timer_callback,200000000,5
/sensing/lidar/top/velodyne_monitor,timer_callback,1000000000,1
/sensing/radar/front_center/pe_ars408_node,subscription_callback,/sensing/radar/front_center/from_can_bus,---
/sensing/radar/front_center/radar_tracks_msgs_converter,timer_callback,100000000,10.0
/sensing/radar/front_center/radar_tracks_msgs_converter,subscription_callback,/sensing/radar/front_center/filtered_objects,13
/sensing/radar/front_center/radar_tracks_msgs_converter,subscription_callback,/localization/kinematic_state,50.0
/sensing/radar/front_center/radar_tracks_noise_filter,subscription_callback,/sensing/radar/front_center/objects_raw,13
/sensing/radar/radar_relay,timer_callback,100000000,10.0
/sensing/vehicle_velocity_converter_node,subscription_callback,/vehicle/status/velocity_status,28
/system/component_state_monitor/component,timer_callback,100000000,10.0
/system/emergency_handler,subscription_callback,/control/command/control_cmd,33.33
/system/emergency_handler,subscription_callback,/localization/kinematic_state,50
/system/emergency_handler,subscription_callback,/system/emergency/hazard_status,10
/system/emergency_handler,subscription_callback,/vehicle/status/control_mode,28
/system/emergency_handler,subscription_callback,/system/mrm/comfortable_stop/status,10.0
/system/emergency_handler,subscription_callback,/system/mrm/emergency_stop/status,30.0
/system/emergency_handler,timer_callback,100000000,10
/system/mrm_comfortable_stop_operator,timer_callback,100000000,10.0
/system/mrm_emergency_stop_operator,timer_callback,33333333,30.0
/system/mrm_emergency_stop_operator,subscription_callback,/control/command/control_cmd,33.3
/system/service_log_checker,timer_callback,1000000000,1.0
/system/service_log_checker,subscription_callback,/service_log,---
/system/system_error_monitor,subscription_callback,/control/current_gate_mode,10
/system/system_error_monitor,subscription_callback,/vehicle/status/control_mode,28
/system/system_error_monitor,timer_callback,100000000,10
/system/system_monitor/cpu_monitor,timer_callback,1000000000,1
/system/system_monitor/gpu_monitor,timer_callback,1000000000,1
/system/system_monitor/hdd_monitor,timer_callback,1000000000,1
/system/system_monitor/mem_monitor,timer_callback,1000000000,1
/system/system_monitor/net_monitor,timer_callback,1000000000,1
/system/system_monitor/ntp_monitor,timer_callback,1000000000,1
/system/system_monitor/process_monitor,timer_callback,1000000000,1
/system/system_monitor/voltage_monitor,timer_callback,1000000000,1.0
/system/topic_state_monitor_camera0,timer_callback,1000000000,1.0
/system/topic_state_monitor_camera0,timer_callback,100000000,10.0
/system/topic_state_monitor_camera1,timer_callback,1000000000,1.0
/system/topic_state_monitor_camera1,timer_callback,100000000,10.0
/system/topic_state_monitor_camera2,timer_callback,1000000000,1.0
/system/topic_state_monitor_camera2,timer_callback,100000000,10.0
/system/topic_state_monitor_camera3,timer_callback,1000000000,1.0
/system/topic_state_monitor_camera3,timer_callback,100000000,10.0
/system/topic_state_monitor_camera4,timer_callback,1000000000,1.0
/system/topic_state_monitor_camera4,timer_callback,100000000,10.0
/system/topic_state_monitor_camera5,timer_callback,1000000000,1.0
/system/topic_state_monitor_camera5,timer_callback,100000000,10.0
/system/topic_state_monitor_camera6,timer_callback,1000000000,1.0
/system/topic_state_monitor_camera6,timer_callback,100000000,10.0
/system/topic_state_monitor_control_command_control_cmd,timer_callback,1000000000,1.0
/system/topic_state_monitor_control_command_control_cmd,timer_callback,100000000,10.0
/system/topic_state_monitor_imu,timer_callback,1000000000,1.0
/system/topic_state_monitor_imu,timer_callback,100000000,10.0
/system/topic_state_monitor_initialpose3d,timer_callback,1000000000,1.0
/system/topic_state_monitor_initialpose3d,timer_callback,100000000,10.0
/system/topic_state_monitor_mission_planning_route,timer_callback,1000000000,1.0
/system/topic_state_monitor_mission_planning_route,timer_callback,100000000,10.0
/system/topic_state_monitor_object_recognition_objects,timer_callback,1000000000,1.0
/system/topic_state_monitor_object_recognition_objects,timer_callback,100000000,10.0
/system/topic_state_monitor_obstacle_segmentation_pointcloud,timer_callback,1000000000,1.0
/system/topic_state_monitor_obstacle_segmentation_pointcloud,timer_callback,100000000,10.0
/system/topic_state_monitor_pointcloud_map,timer_callback,1000000000,1.0
/system/topic_state_monitor_pointcloud_map,timer_callback,100000000,10.0
/system/topic_state_monitor_pose_twist_fusion_filter_pose,timer_callback,1000000000,1.0
/system/topic_state_monitor_pose_twist_fusion_filter_pose,timer_callback,100000000,10.0
/system/topic_state_monitor_scenario_planning_trajectory,timer_callback,1000000000,1.0
/system/topic_state_monitor_scenario_planning_trajectory,timer_callback,100000000,10.0
/system/topic_state_monitor_system_emergency_control_cmd,timer_callback,1000000000,1.0
/system/topic_state_monitor_system_emergency_control_cmd,timer_callback,100000000,10.0
/system/topic_state_monitor_traffic_light_recognition_objects,timer_callback,1000000000,1.0
/system/topic_state_monitor_traffic_light_recognition_objects,timer_callback,100000000,10.0
/system/topic_state_monitor_trajectory_follower_control_cmd,timer_callback,1000000000,1.0
/system/topic_state_monitor_trajectory_follower_control_cmd,timer_callback,100000000,10.0
/system/topic_state_monitor_transform_map_to_base_link,timer_callback,1000000000,1.0
/system/topic_state_monitor_transform_map_to_base_link,timer_callback,100000000,10.0
/system/topic_state_monitor_vector_map,timer_callback,1000000000,1.0
/system/topic_state_monitor_vector_map,timer_callback,100000000,10.0
/system/topic_state_monitor_vehicle_status_steering_status,timer_callback,1000000000,1.0
/system/topic_state_monitor_vehicle_status_steering_status,timer_callback,100000000,10.0
/system/topic_state_monitor_vehicle_status_velocity_status,timer_callback,1000000000,1.0
/system/topic_state_monitor_vehicle_status_velocity_status,timer_callback,100000000,10.0
/vehicle/calibration/accel_brake_map_calibrator,subscription_callback,/vehicle/status/actuation_status,28
/vehicle/calibration/accel_brake_map_calibrator,subscription_callback,/vehicle/status/steering_status,28
/vehicle/calibration/accel_brake_map_calibrator,subscription_callback,/vehicle/status/velocity_status,28
/vehicle/calibration/accel_brake_map_calibrator,timer_callback,100000000,10
/vehicle/calibration/accel_brake_map_calibrator,timer_callback,30000000000,---
